Seq	Id	Count
CACTACCCGTCCGGCGGCTCAGGCCTCGGCG	 1	32
CACTTCACATTTAGGATCTCATTGAATTTTA	 2	20
GAACCAGCAGGCTGGTTTCAGGAACCTGGCA	 3	19
GCATAACTCAAATAACAAAATATTCCAAGAC	 4	14
CAGTCTTCTTGGCTCATTGTGGAGATACAGG	 5	28
GCTGATGCTACAGAATTAGTGTTGGAACGCA	 6	11
CTCCGCCGCCGAGGGTTCTCGAACCGGTGCC	 7	20
AGGGTCCAGCACACACCTGCAGGACTCATCA	 8	24
GACCGTGTTGCTGAATGAGGCTGCTCTTCTC	 9	43
ACAAATCAAAATGTACTCAATAAAACATAAT	10	13
CACCTTTATCAATTTACATTTCAGGATAAAA	11	15
CCAGTGCAACTGCCAGCCAGGCACGTCAGGG	12	114
AATTACTTTTTCATTTTAGAAATTATAGGAC	13	23
CCGTGTCTGCCTTCTCCGTGCCCTGCTTCAG	14	167
ATTCGTTTATACCAGCATCACTACAAACACA	15	11
CGGCCATGGTCATGGAAGTGGGCACCCTGGA	16	577
GTAAAGCCCCTCTGGTTCCTAATATTCTGAA	17	19
ACGGTGGCCCACCATGAAGTGCTTCTCCGCC	18	114
ATCCTTTCTTAACCTCAACTCCTATTCCTGC	19	13
AAGTATTCAATAAAGATCTGGTAAATAAACA	20	13
TCACTTGTATACTGAATTAGACAAAGAATAA	21	21
GCCTGCATGCTGAGAGGCTCCCTTTAGACAC	22	47
ATAACCATTTGATGCTTAGATACAAAAGTAT	23	18
